{"cameraMode":{"drawMode":0,"name":"Shaded","section":"Shading Mode"},"sceneLighting":false,"audioPlay":false,"sceneViewState":{"showFog":true,"showMaterialUpdate":false,"showSkybox":true,"showFlares":true,"showImageEffects":true,"showParticleSystems":true},"in2DMode":false,"pivot":{"x":120.94927215576172,"y":9.953084945678711,"z":3.6395339965820314},"rotation":{"x":-0.04471303150057793,"y":0.4796801507472992,"z":-0.024484803900122644,"w":-0.8759613633155823},"size":27.438207626342775,"orthographic":false}