{"cameraMode":{"drawMode":0,"name":"Shaded","section":"Shading Mode"},"sceneLighting":false,"audioPlay":false,"sceneViewState":{"showFog":true,"showMaterialUpdate":false,"showSkybox":true,"showFlares":true,"showImageEffects":true,"showParticleSystems":true},"in2DMode":false,"pivot":{"x":238.34976196289063,"y":13.901651382446289,"z":21.49078369140625},"rotation":{"x":-0.25163766741752627,"y":-0.12299594283103943,"z":0.032259054481983188,"w":-0.959432065486908},"size":52.23459243774414,"orthographic":false}