{"cameraMode":{"drawMode":0,"name":"Shaded","section":"Shading Mode"},"sceneLighting":false,"audioPlay":false,"sceneViewState":{"showFog":true,"showMaterialUpdate":false,"showSkybox":true,"showFlares":true,"showImageEffects":true,"showParticleSystems":true},"in2DMode":false,"pivot":{"x":0.2876138687133789,"y":2.950573205947876,"z":4.462703704833984},"rotation":{"x":0.023455427959561349,"y":0.7580031752586365,"z":0.02729993872344494,"w":-0.6512570381164551},"size":15.54354476928711,"orthographic":false}